Country_Code,Indicator_Code,yr_1974,yr_1975,yr_1976,yr_1977,yr_1978,yr_1979,yr_1980,yr_1981,yr_1982,yr_1983,yr_1984,yr_1985,yr_1986,yr_1987,yr_1988,yr_1989,yr_1990,yr_1991,yr_1992,yr_1993,yr_1994,yr_1995,yr_1996,yr_1997,yr_1998,yr_1999,yr_2000,yr_2001,yr_2002,yr_2003,yr_2004,yr_2005,yr_2006,yr_2007,yr_2008,yr_2009,yr_2010,yr_2011,yr_2012,yr_2013,yr_2014,yr_2015,yr_2016,yr_2017
EAP,SI.POV.UMIC.NO,-1.0,-1.0,-1.0,-1.0,-1.0,-1.0,-1.0,1340.7,-1.0,-1.0,1403.3,-1.0,-1.0,1465.6,-1.0,-1.0,1525.4,-1.0,-1.0,1557.7,-1.0,-1.0,1550.2,-1.0,-1.0,1562.2,-1.0,-1.0,1476.0,-1.0,-1.0,1357.5,-1.0,-1.0,1230.2,-1.0,1101.8,1036.0,969.7,853.0,-1.0,-1.0,-1.0,-1.0
ECA,SI.POV.UMIC.NO,-1.0,-1.0,-1.0,-1.0,-1.0,-1.0,-1.0,-1.0,-1.0,-1.0,-1.0,-1.0,-1.0,105.9,-1.0,-1.0,117.3,-1.0,-1.0,168.5,-1.0,-1.0,194.1,-1.0,-1.0,209.7,-1.0,-1.0,161.8,-1.0,-1.0,124.5,-1.0,-1.0,81.0,-1.0,78.1,73.7,72.0,67.8,-1.0,-1.0,-1.0,-1.0
LAC,SI.POV.UMIC.NO,-1.0,-1.0,-1.0,-1.0,-1.0,-1.0,-1.0,166.5,-1.0,-1.0,195.4,-1.0,-1.0,188.8,-1.0,-1.0,213.6,-1.0,-1.0,221.9,-1.0,-1.0,234.5,-1.0,-1.0,239.3,-1.0,-1.0,239.6,-1.0,-1.0,225.7,-1.0,-1.0,191.3,-1.0,182.0,175.7,167.2,165.8,-1.0,-1.0,-1.0,-1.0
LMY,SI.POV.UMIC.NO,-1.0,-1.0,-1.0,-1.0,-1.0,-1.0,-1.0,2967.6,-1.0,-1.0,3143.1,-1.0,-1.0,3307.9,-1.0,-1.0,3512.5,-1.0,-1.0,3729.5,-1.0,-1.0,3855.1,-1.0,-1.0,4009.7,-1.0,-1.0,3990.5,-1.0,-1.0,3911.4,-1.0,-1.0,3799.8,-1.0,3712.2,3639.3,3573.8,3457.9,-1.0,-1.0,-1.0,-1.0
LIC,SI.POV.UMIC.NO,-1.0,-1.0,-1.0,-1.0,-1.0,-1.0,-1.0,237.7,-1.0,-1.0,257.2,-1.0,-1.0,277.7,-1.0,-1.0,304.8,-1.0,-1.0,335.3,-1.0,-1.0,361.8,-1.0,-1.0,392.2,-1.0,-1.0,425.3,-1.0,-1.0,460.1,-1.0,-1.0,495.3,-1.0,518.6,530.0,535.3,546.1,-1.0,-1.0,-1.0,-1.0
LMC,SI.POV.UMIC.NO,-1.0,-1.0,-1.0,-1.0,-1.0,-1.0,-1.0,1411.7,-1.0,-1.0,1510.4,-1.0,-1.0,1612.0,-1.0,-1.0,1713.0,-1.0,-1.0,1847.8,-1.0,-1.0,1939.5,-1.0,-1.0,2050.2,-1.0,-1.0,2128.3,-1.0,-1.0,2177.5,-1.0,-1.0,2225.3,-1.0,2220.9,2207.2,2207.7,2195.2,-1.0,-1.0,-1.0,-1.0
MNA,SI.POV.UMIC.NO,-1.0,-1.0,-1.0,-1.0,-1.0,-1.0,-1.0,-1.0,-1.0,-1.0,123.8,-1.0,-1.0,136.9,-1.0,-1.0,135.8,-1.0,-1.0,146.7,-1.0,-1.0,156.3,-1.0,-1.0,151.5,-1.0,-1.0,150.8,-1.0,-1.0,152.9,-1.0,-1.0,152.2,-1.0,148.3,149.3,151.8,152.8,-1.0,-1.0,-1.0,-1.0
MIC,SI.POV.UMIC.NO,-1.0,-1.0,-1.0,-1.0,-1.0,-1.0,-1.0,-1.0,-1.0,-1.0,-1.0,-1.0,-1.0,-1.0,-1.0,-1.0,-1.0,-1.0,-1.0,-1.0,-1.0,-1.0,-1.0,-1.0,-1.0,-1.0,-1.0,-1.0,-1.0,-1.0,-1.0,-1.0,-1.0,-1.0,-1.0,-1.0,-1.0,-1.0,-1.0,-1.0,-1.0,-1.0,-1.0,-1.0
SAS,SI.POV.UMIC.NO,-1.0,-1.0,-1.0,-1.0,-1.0,-1.0,-1.0,887.6,-1.0,-1.0,948.9,-1.0,-1.0,1008.8,-1.0,-1.0,1074.1,-1.0,-1.0,1148.4,-1.0,-1.0,1206.9,-1.0,-1.0,-1.0,-1.0,-1.0,1334.3,-1.0,-1.0,1377.1,-1.0,-1.0,1423.1,-1.0,1444.5,1431.9,1428.4,1418.4,-1.0,-1.0,-1.0,-1.0
SSA,SI.POV.UMIC.NO,-1.0,-1.0,-1.0,-1.0,-1.0,-1.0,-1.0,-1.0,-1.0,-1.0,-1.0,-1.0,-1.0,-1.0,-1.0,-1.0,455.9,-1.0,-1.0,503.9,-1.0,-1.0,545.3,-1.0,-1.0,592.5,-1.0,-1.0,643.1,-1.0,-1.0,688.4,-1.0,-1.0,731.2,-1.0,766.7,781.9,792.3,807.1,-1.0,-1.0,-1.0,-1.0
UMC,SI.POV.UMIC.NO,-1.0,-1.0,-1.0,-1.0,-1.0,-1.0,-1.0,1323.3,-1.0,-1.0,1380.4,-1.0,-1.0,1423.8,-1.0,-1.0,1500.9,-1.0,-1.0,1553.4,-1.0,-1.0,1560.1,-1.0,-1.0,1574.4,-1.0,-1.0,1446.8,-1.0,-1.0,1287.3,-1.0,-1.0,1093.8,-1.0,989.5,920.2,848.5,736.0,-1.0,-1.0,-1.0,-1.0
AFG,SI.POV.UMIC.NO,-1.0,-1.0,-1.0,-1.0,-1.0,-1.0,-1.0,-1.0,-1.0,-1.0,-1.0,-1.0,-1.0,-1.0,-1.0,-1.0,-1.0,-1.0,-1.0,-1.0,-1.0,-1.0,-1.0,-1.0,-1.0,-1.0,-1.0,-1.0,-1.0,-1.0,-1.0,-1.0,-1.0,-1.0,-1.0,-1.0,-1.0,-1.0,-1.0,-1.0,-1.0,-1.0,-1.0,-1.0
ALB,SI.POV.UMIC.NO,-1.0,-1.0,-1.0,-1.0,-1.0,-1.0,-1.0,-1.0,-1.0,-1.0,-1.0,-1.0,-1.0,-1.0,-1.0,-1.0,-1.0,-1.0,-1.0,-1.0,-1.0,-1.0,1.6,-1.0,-1.0,-1.0,-1.0,-1.0,1.6,-1.0,-1.0,1.3,-1.0,-1.0,1.1,-1.0,-1.0,-1.0,1.1,-1.0,-1.0,-1.0,-1.0,-1.0
DZA,SI.POV.UMIC.NO,-1.0,-1.0,-1.0,-1.0,-1.0,-1.0,-1.0,-1.0,-1.0,-1.0,-1.0,-1.0,-1.0,-1.0,14.2,-1.0,-1.0,-1.0,-1.0,-1.0,-1.0,16.0,-1.0,-1.0,-1.0,-1.0,-1.0,-1.0,-1.0,-1.0,-1.0,-1.0,-1.0,-1.0,-1.0,-1.0,-1.0,10.7,-1.0,-1.0,-1.0,-1.0,-1.0,-1.0
AGO,SI.POV.UMIC.NO,-1.0,-1.0,-1.0,-1.0,-1.0,-1.0,-1.0,-1.0,-1.0,-1.0,-1.0,-1.0,-1.0,-1.0,-1.0,-1.0,-1.0,-1.0,-1.0,-1.0,-1.0,-1.0,-1.0,-1.0,-1.0,-1.0,-1.0,-1.0,-1.0,-1.0,-1.0,-1.0,-1.0,-1.0,17.3,-1.0,-1.0,-1.0,-1.0,-1.0,-1.0,-1.0,-1.0,-1.0
ARG,SI.POV.UMIC.NO,-1.0,-1.0,-1.0,-1.0,-1.0,-1.0,0.4,-1.0,-1.0,-1.0,-1.0,-1.0,0.0,0.5,-1.0,-1.0,-1.0,4.1,4.4,4.5,4.8,6.3,7.0,6.8,7.5,7.9,8.7,10.4,15.0,10.4,9.0,7.7,6.2,6.0,5.4,5.1,4.1,3.4,3.3,3.2,3.6,-1.0,3.1,-1.0
ARM,SI.POV.UMIC.NO,-1.0,-1.0,-1.0,-1.0,-1.0,-1.0,-1.0,-1.0,-1.0,-1.0,-1.0,-1.0,-1.0,-1.0,-1.0,-1.0,-1.0,-1.0,-1.0,-1.0,-1.0,-1.0,-1.0,-1.0,-1.0,2.6,-1.0,2.6,2.5,2.5,2.2,2.0,1.9,1.7,1.6,1.8,1.8,1.8,1.6,1.6,1.5,1.4,1.3,-1.0
AUS,SI.POV.UMIC.NO,-1.0,-1.0,-1.0,-1.0,-1.0,-1.0,-1.0,0.2,-1.0,-1.0,-1.0,0.3,-1.0,-1.0,-1.0,0.3,-1.0,-1.0,-1.0,-1.0,-1.0,0.3,-1.0,-1.0,-1.0,-1.0,-1.0,0.3,-1.0,0.3,-1.0,-1.0,-1.0,-1.0,0.1,-1.0,0.1,-1.0,-1.0,-1.0,-1.0,-1.0,-1.0,-1.0
AUT,SI.POV.UMIC.NO,-1.0,-1.0,-1.0,-1.0,-1.0,-1.0,-1.0,-1.0,-1.0,-1.0,-1.0,-1.0,-1.0,-1.0,-1.0,-1.0,-1.0,-1.0,-1.0,-1.0,-1.0,-1.0,-1.0,-1.0,-1.0,-1.0,-1.0,-1.0,-1.0,0.0,0.0,0.0,0.0,0.1,0.1,0.1,0.1,0.1,0.1,0.0,0.1,0.1,-1.0,-1.0
AZE,SI.POV.UMIC.NO,-1.0,-1.0,-1.0,-1.0,-1.0,-1.0,-1.0,-1.0,-1.0,-1.0,-1.0,-1.0,-1.0,-1.0,-1.0,-1.0,-1.0,-1.0,-1.0,-1.0,-1.0,4.8,-1.0,-1.0,-1.0,-1.0,-1.0,4.3,1.0,1.1,0.7,0.7,-1.0,-1.0,-1.0,-1.0,-1.0,-1.0,-1.0,-1.0,-1.0,-1.0,-1.0,-1.0
BGD,SI.POV.UMIC.NO,-1.0,-1.0,-1.0,-1.0,-1.0,-1.0,-1.0,-1.0,-1.0,87.3,-1.0,90.6,-1.0,-1.0,96.7,-1.0,-1.0,107.8,-1.0,-1.0,-1.0,112.5,-1.0,-1.0,-1.0,-1.0,120.6,-1.0,-1.0,-1.0,-1.0,128.1,-1.0,-1.0,-1.0,-1.0,133.5,-1.0,-1.0,-1.0,-1.0,-1.0,137.7,-1.0
BLR,SI.POV.UMIC.NO,-1.0,-1.0,-1.0,-1.0,-1.0,-1.0,-1.0,-1.0,-1.0,-1.0,-1.0,-1.0,-1.0,-1.0,-1.0,-1.0,-1.0,-1.0,-1.0,-1.0,-1.0,-1.0,-1.0,-1.0,7.6,7.2,6.5,4.9,4.1,3.8,2.6,1.6,1.1,0.7,0.5,0.5,0.3,0.2,0.1,0.1,0.0,0.1,0.1,-1.0
BEL,SI.POV.UMIC.NO,-1.0,-1.0,-1.0,-1.0,-1.0,-1.0,-1.0,-1.0,-1.0,-1.0,-1.0,-1.0,-1.0,-1.0,-1.0,-1.0,-1.0,-1.0,-1.0,-1.0,-1.0,-1.0,-1.0,-1.0,-1.0,-1.0,-1.0,-1.0,-1.0,0.1,0.0,0.1,0.1,0.0,0.0,0.0,0.1,0.1,0.1,0.1,0.0,0.0,-1.0,-1.0
BLZ,SI.POV.UMIC.NO,-1.0,-1.0,-1.0,-1.0,-1.0,-1.0,-1.0,-1.0,-1.0,-1.0,-1.0,-1.0,-1.0,-1.0,-1.0,-1.0,-1.0,-1.0,-1.0,0.1,0.1,-1.0,0.1,0.1,0.1,0.1,-1.0,-1.0,-1.0,-1.0,-1.0,-1.0,-1.0,-1.0,-1.0,-1.0,-1.0,-1.0,-1.0,-1.0,-1.0,-1.0,-1.0,-1.0
BEN,SI.POV.UMIC.NO,-1.0,-1.0,-1.0,-1.0,-1.0,-1.0,-1.0,-1.0,-1.0,-1.0,-1.0,-1.0,-1.0,-1.0,-1.0,-1.0,-1.0,-1.0,-1.0,-1.0,-1.0,-1.0,-1.0,-1.0,-1.0,-1.0,-1.0,-1.0,-1.0,7.0,-1.0,-1.0,-1.0,-1.0,-1.0,-1.0,-1.0,8.5,-1.0,-1.0,-1.0,9.6,-1.0,-1.0
BTN,SI.POV.UMIC.NO,-1.0,-1.0,-1.0,-1.0,-1.0,-1.0,-1.0,-1.0,-1.0,-1.0,-1.0,-1.0,-1.0,-1.0,-1.0,-1.0,-1.0,-1.0,-1.0,-1.0,-1.0,-1.0,-1.0,-1.0,-1.0,-1.0,-1.0,-1.0,-1.0,0.5,-1.0,-1.0,-1.0,0.4,-1.0,-1.0,-1.0,-1.0,0.3,-1.0,-1.0,-1.0,-1.0,-1.0
BOL,SI.POV.UMIC.NO,-1.0,-1.0,-1.0,-1.0,-1.0,-1.0,-1.0,-1.0,-1.0,-1.0,-1.0,-1.0,-1.0,-1.0,-1.0,-1.0,3.4,-1.0,-1.0,-1.0,-1.0,-1.0,-1.0,4.1,-1.0,4.5,5.2,4.9,5.2,-1.0,4.8,4.8,4.5,4.4,3.8,3.4,-1.0,2.8,2.9,2.7,2.6,2.7,2.7,-1.0
BIH,SI.POV.UMIC.NO,-1.0,-1.0,-1.0,-1.0,-1.0,-1.0,-1.0,-1.0,-1.0,-1.0,-1.0,-1.0,-1.0,-1.0,-1.0,-1.0,-1.0,-1.0,-1.0,-1.0,-1.0,-1.0,-1.0,-1.0,-1.0,-1.0,-1.0,0.4,-1.0,-1.0,0.2,-1.0,-1.0,0.1,-1.0,-1.0,-1.0,0.1,-1.0,-1.0,-1.0,0.1,-1.0,-1.0
BWA,SI.POV.UMIC.NO,-1.0,-1.0,-1.0,-1.0,-1.0,-1.0,-1.0,-1.0,-1.0,-1.0,-1.0,1.0,-1.0,-1.0,-1.0,-1.0,-1.0,-1.0,-1.0,1.1,-1.0,-1.0,-1.0,-1.0,-1.0,-1.0,-1.0,-1.0,1.2,-1.0,-1.0,-1.0,-1.0,-1.0,-1.0,1.1,-1.0,-1.0,-1.0,-1.0,-1.0,-1.0,-1.0,-1.0
BRA,SI.POV.UMIC.NO,-1.0,-1.0,-1.0,-1.0,-1.0,-1.0,-1.0,74.9,76.2,86.5,88.5,83.4,58.7,74.7,79.2,76.5,86.3,-1.0,90.0,89.3,-1.0,73.0,75.3,76.5,75.8,79.3,-1.0,73.4,72.8,76.2,74.4,71.2,64.7,61.2,55.7,53.4,-1.0,47.7,41.7,39.5,36.5,39.9,-1.0,-1.0
BGR,SI.POV.UMIC.NO,-1.0,-1.0,-1.0,-1.0,-1.0,-1.0,-1.0,-1.0,-1.0,-1.0,-1.0,-1.0,-1.0,-1.0,-1.0,-1.0,-1.0,-1.0,0.1,-1.0,-1.0,-1.0,-1.0,-1.0,-1.0,-1.0,-1.0,-1.0,-1.0,-1.0,-1.0,-1.0,1.7,0.9,0.6,0.6,0.8,0.8,0.8,0.8,0.6,-1.0,-1.0,-1.0
BFA,SI.POV.UMIC.NO,-1.0,-1.0,-1.0,-1.0,-1.0,-1.0,-1.0,-1.0,-1.0,-1.0,-1.0,-1.0,-1.0,-1.0,-1.0,-1.0,-1.0,-1.0,-1.0,-1.0,9.5,-1.0,-1.0,-1.0,10.6,-1.0,-1.0,-1.0,-1.0,11.8,-1.0,-1.0,-1.0,-1.0,-1.0,14.3,-1.0,-1.0,-1.0,-1.0,16.2,-1.0,-1.0,-1.0
BDI,SI.POV.UMIC.NO,-1.0,-1.0,-1.0,-1.0,-1.0,-1.0,-1.0,-1.0,-1.0,-1.0,-1.0,-1.0,-1.0,-1.0,-1.0,-1.0,-1.0,-1.0,5.6,-1.0,-1.0,-1.0,-1.0,-1.0,6.1,-1.0,-1.0,-1.0,-1.0,-1.0,-1.0,-1.0,7.6,-1.0,-1.0,-1.0,-1.0,-1.0,-1.0,9.6,-1.0,-1.0,-1.0,-1.0
CPV,SI.POV.UMIC.NO,-1.0,-1.0,-1.0,-1.0,-1.0,-1.0,-1.0,-1.0,-1.0,-1.0,-1.0,-1.0,-1.0,-1.0,-1.0,-1.0,-1.0,-1.0,-1.0,-1.0,-1.0,-1.0,-1.0,-1.0,-1.0,-1.0,-1.0,0.3,-1.0,-1.0,-1.0,-1.0,-1.0,0.3,-1.0,-1.0,-1.0,-1.0,-1.0,-1.0,-1.0,-1.0,-1.0,-1.0
KHM,SI.POV.UMIC.NO,-1.0,-1.0,-1.0,-1.0,-1.0,-1.0,-1.0,-1.0,-1.0,-1.0,-1.0,-1.0,-1.0,-1.0,-1.0,-1.0,-1.0,-1.0,-1.0,-1.0,-1.0,-1.0,-1.0,-1.0,-1.0,-1.0,-1.0,-1.0,-1.0,-1.0,-1.0,-1.0,-1.0,-1.0,-1.0,-1.0,-1.0,-1.0,-1.0,-1.0,-1.0,-1.0,-1.0,-1.0
CMR,SI.POV.UMIC.NO,-1.0,-1.0,-1.0,-1.0,-1.0,-1.0,-1.0,-1.0,-1.0,-1.0,-1.0,-1.0,-1.0,-1.0,-1.0,-1.0,-1.0,-1.0,-1.0,-1.0,-1.0,-1.0,12.3,-1.0,-1.0,-1.0,-1.0,12.5,-1.0,-1.0,-1.0,-1.0,-1.0,14.6,-1.0,-1.0,-1.0,-1.0,-1.0,-1.0,15.3,-1.0,-1.0,-1.0
CAN,SI.POV.UMIC.NO,-1.0,-1.0,-1.0,-1.0,-1.0,-1.0,-1.0,0.2,-1.0,-1.0,-1.0,-1.0,-1.0,0.3,-1.0,-1.0,-1.0,0.2,-1.0,-1.0,0.2,-1.0,-1.0,0.3,0.3,-1.0,0.2,-1.0,-1.0,-1.0,0.2,-1.0,-1.0,0.1,-1.0,-1.0,0.1,-1.0,-1.0,0.4,-1.0,-1.0,-1.0,-1.0
CAF,SI.POV.UMIC.NO,-1.0,-1.0,-1.0,-1.0,-1.0,-1.0,-1.0,-1.0,-1.0,-1.0,-1.0,-1.0,-1.0,-1.0,-1.0,-1.0,-1.0,-1.0,3.0,-1.0,-1.0,-1.0,-1.0,-1.0,-1.0,-1.0,-1.0,-1.0,-1.0,3.8,-1.0,-1.0,-1.0,-1.0,4.0,-1.0,-1.0,-1.0,-1.0,-1.0,-1.0,-1.0,-1.0,-1.0
TCD,SI.POV.UMIC.NO,-1.0,-1.0,-1.0,-1.0,-1.0,-1.0,-1.0,-1.0,-1.0,-1.0,-1.0,-1.0,-1.0,-1.0,-1.0,-1.0,-1.0,-1.0,-1.0,-1.0,-1.0,-1.0,-1.0,-1.0,-1.0,-1.0,-1.0,-1.0,-1.0,9.0,-1.0,-1.0,-1.0,-1.0,-1.0,-1.0,-1.0,10.6,-1.0,-1.0,-1.0,-1.0,-1.0,-1.0
CHL,SI.POV.UMIC.NO,-1.0,-1.0,-1.0,-1.0,-1.0,-1.0,-1.0,-1.0,-1.0,-1.0,-1.0,-1.0,-1.0,6.6,-1.0,-1.0,6.0,-1.0,5.4,-1.0,5.1,-1.0,4.5,-1.0,4.3,-1.0,4.6,-1.0,-1.0,4.7,-1.0,-1.0,3.7,-1.0,-1.0,3.5,-1.0,2.8,-1.0,1.8,-1.0,1.8,-1.0,-1.0
CHN,SI.POV.UMIC.NO,-1.0,-1.0,-1.0,-1.0,-1.0,-1.0,-1.0,-1.0,-1.0,-1.0,-1.0,-1.0,-1.0,-1.0,-1.0,-1.0,1116.2,-1.0,-1.0,1134.9,-1.0,-1.0,1125.2,-1.0,-1.0,1115.1,-1.0,-1.0,1033.8,-1.0,-1.0,921.5,-1.0,-1.0,801.0,-1.0,714.7,660.6,598.6,493.1,429.6,-1.0,-1.0,-1.0
COL,SI.POV.UMIC.NO,-1.0,-1.0,-1.0,-1.0,-1.0,-1.0,-1.0,-1.0,-1.0,-1.0,-1.0,-1.0,-1.0,-1.0,-1.0,-1.0,-1.0,-1.0,16.7,-1.0,-1.0,-1.0,21.0,-1.0,-1.0,23.2,21.7,24.8,22.1,21.5,21.7,20.2,-1.0,-1.0,19.1,18.8,17.6,16.3,16.0,15.2,14.2,13.8,13.9,-1.0
COM,SI.POV.UMIC.NO,-1.0,-1.0,-1.0,-1.0,-1.0,-1.0,-1.0,-1.0,-1.0,-1.0,-1.0,-1.0,-1.0,-1.0,-1.0,-1.0,-1.0,-1.0,-1.0,-1.0,-1.0,-1.0,-1.0,-1.0,-1.0,-1.0,-1.0,-1.0,-1.0,-1.0,0.4,-1.0,-1.0,-1.0,-1.0,-1.0,-1.0,-1.0,-1.0,0.5,-1.0,-1.0,-1.0,-1.0
COD,SI.POV.UMIC.NO,-1.0,-1.0,-1.0,-1.0,-1.0,-1.0,-1.0,-1.0,-1.0,-1.0,-1.0,-1.0,-1.0,-1.0,-1.0,-1.0,-1.0,-1.0,-1.0,-1.0,-1.0,-1.0,-1.0,-1.0,-1.0,-1.0,-1.0,-1.0,-1.0,-1.0,54.6,-1.0,-1.0,-1.0,-1.0,-1.0,-1.0,-1.0,67.5,-1.0,-1.0,-1.0,-1.0,-1.0
COG,SI.POV.UMIC.NO,-1.0,-1.0,-1.0,-1.0,-1.0,-1.0,-1.0,-1.0,-1.0,-1.0,-1.0,-1.0,-1.0,-1.0,-1.0,-1.0,-1.0,-1.0,-1.0,-1.0,-1.0,-1.0,-1.0,-1.0,-1.0,-1.0,-1.0,-1.0,-1.0,-1.0,-1.0,3.3,-1.0,-1.0,-1.0,-1.0,-1.0,3.7,-1.0,-1.0,-1.0,-1.0,-1.0,-1.0
CRI,SI.POV.UMIC.NO,-1.0,-1.0,-1.0,-1.0,-1.0,-1.0,-1.0,1.6,-1.0,-1.0,-1.0,-1.0,1.5,-1.0,-1.0,1.3,1.2,1.4,1.3,1.2,1.0,1.1,1.3,1.2,1.0,1.2,1.2,0.9,0.9,0.9,0.9,0.9,0.9,0.7,0.7,0.7,0.6,0.6,0.6,0.6,0.6,0.6,0.5,-1.0
CIV,SI.POV.UMIC.NO,-1.0,-1.0,-1.0,-1.0,-1.0,-1.0,-1.0,-1.0,-1.0,-1.0,-1.0,4.7,5.3,6.2,7.7,-1.0,-1.0,-1.0,10.6,-1.0,-1.0,11.4,-1.0,-1.0,13.0,-1.0,-1.0,-1.0,14.1,-1.0,-1.0,-1.0,-1.0,-1.0,15.8,-1.0,-1.0,-1.0,-1.0,-1.0,-1.0,19.0,-1.0,-1.0
HRV,SI.POV.UMIC.NO,-1.0,-1.0,-1.0,-1.0,-1.0,-1.0,-1.0,-1.0,-1.0,-1.0,-1.0,-1.0,-1.0,-1.0,0.0,-1.0,-1.0,-1.0,-1.0,-1.0,-1.0,-1.0,-1.0,-1.0,-1.0,-1.0,-1.0,-1.0,-1.0,-1.0,-1.0,-1.0,-1.0,-1.0,-1.0,0.2,0.3,0.3,0.3,0.3,0.3,0.2,-1.0,-1.0
CYP,SI.POV.UMIC.NO,-1.0,-1.0,-1.0,-1.0,-1.0,-1.0,-1.0,-1.0,-1.0,-1.0,-1.0,-1.0,-1.0,-1.0,-1.0,-1.0,-1.0,-1.0,-1.0,-1.0,-1.0,-1.0,-1.0,-1.0,-1.0,-1.0,-1.0,-1.0,-1.0,-1.0,0.0,0.0,0.0,0.0,0.0,0.0,0.0,0.0,0.0,0.0,0.0,0.0,-1.0,-1.0
CZE,SI.POV.UMIC.NO,-1.0,-1.0,-1.0,-1.0,-1.0,-1.0,-1.0,-1.0,-1.0,-1.0,-1.0,-1.0,-1.0,-1.0,-1.0,-1.0,-1.0,-1.0,-1.0,0.0,-1.0,-1.0,0.1,-1.0,-1.0,-1.0,-1.0,-1.0,-1.0,-1.0,0.1,0.1,0.1,0.0,0.1,0.1,0.1,0.1,0.1,0.0,0.1,0.0,-1.0,-1.0
DNK,SI.POV.UMIC.NO,-1.0,-1.0,-1.0,-1.0,-1.0,-1.0,-1.0,-1.0,-1.0,-1.0,-1.0,-1.0,-1.0,-1.0,-1.0,-1.0,-1.0,-1.0,-1.0,-1.0,-1.0,-1.0,-1.0,-1.0,-1.0,-1.0,-1.0,-1.0,-1.0,0.0,0.0,0.0,0.0,0.0,0.0,0.1,0.0,0.0,0.0,0.0,0.0,0.0,-1.0,-1.0
DJI,SI.POV.UMIC.NO,-1.0,-1.0,-1.0,-1.0,-1.0,-1.0,-1.0,-1.0,-1.0,-1.0,-1.0,-1.0,-1.0,-1.0,-1.0,-1.0,-1.0,-1.0,-1.0,-1.0,-1.0,-1.0,-1.0,-1.0,-1.0,-1.0,-1.0,-1.0,0.6,-1.0,-1.0,-1.0,-1.0,-1.0,-1.0,-1.0,-1.0,-1.0,0.6,0.7,-1.0,-1.0,-1.0,-1.0
DOM,SI.POV.UMIC.NO,-1.0,-1.0,-1.0,-1.0,-1.0,-1.0,-1.0,-1.0,-1.0,-1.0,-1.0,-1.0,1.9,-1.0,-1.0,3.9,-1.0,-1.0,3.0,-1.0,-1.0,-1.0,2.6,2.4,-1.0,-1.0,2.6,2.6,2.8,3.6,4.3,3.5,3.2,3.2,3.4,3.2,3.2,3.1,3.2,3.2,2.8,2.4,2.2,-1.0
ECU,SI.POV.UMIC.NO,-1.0,-1.0,-1.0,-1.0,-1.0,-1.0,-1.0,-1.0,-1.0,-1.0,-1.0,-1.0,-1.0,5.2,-1.0,-1.0,-1.0,-1.0,-1.0,-1.0,6.8,-1.0,-1.0,-1.0,7.4,7.9,9.2,-1.0,-1.0,7.1,7.4,6.4,5.7,5.7,5.5,5.6,5.1,4.6,4.2,4.2,3.8,4.0,3.9,-1.0
EGY,SI.POV.UMIC.NO,-1.0,-1.0,-1.0,-1.0,-1.0,-1.0,-1.0,-1.0,-1.0,-1.0,-1.0,-1.0,-1.0,-1.0,-1.0,-1.0,44.3,-1.0,-1.0,-1.0,-1.0,51.9,-1.0,-1.0,-1.0,47.6,-1.0,-1.0,-1.0,-1.0,57.1,-1.0,-1.0,-1.0,61.0,-1.0,61.0,-1.0,61.8,-1.0,-1.0,58.1,-1.0,-1.0
SLV,SI.POV.UMIC.NO,-1.0,-1.0,-1.0,-1.0,-1.0,-1.0,-1.0,-1.0,-1.0,-1.0,-1.0,-1.0,-1.0,-1.0,-1.0,2.7,-1.0,3.2,-1.0,-1.0,-1.0,2.9,3.0,-1.0,3.0,2.9,2.6,2.7,2.8,2.8,2.7,2.7,2.6,2.4,2.7,2.6,2.5,2.6,2.4,2.2,2.2,2.0,1.9,-1.0
GNQ,SI.POV.UMIC.NO,-1.0,-1.0,-1.0,-1.0,-1.0,-1.0,-1.0,-1.0,-1.0,-1.0,-1.0,-1.0,-1.0,-1.0,-1.0,-1.0,-1.0,-1.0,-1.0,-1.0,-1.0,-1.0,-1.0,-1.0,-1.0,-1.0,-1.0,-1.0,-1.0,-1.0,-1.0,-1.0,-1.0,-1.0,-1.0,-1.0,-1.0,-1.0,-1.0,-1.0,-1.0,-1.0,-1.0,-1.0
ERI,SI.POV.UMIC.NO,-1.0,-1.0,-1.0,-1.0,-1.0,-1.0,-1.0,-1.0,-1.0,-1.0,-1.0,-1.0,-1.0,-1.0,-1.0,-1.0,-1.0,-1.0,-1.0,-1.0,-1.0,-1.0,-1.0,-1.0,-1.0,-1.0,-1.0,-1.0,-1.0,-1.0,-1.0,-1.0,-1.0,-1.0,-1.0,-1.0,-1.0,-1.0,-1.0,-1.0,-1.0,-1.0,-1.0,-1.0
EST,SI.POV.UMIC.NO,-1.0,-1.0,-1.0,-1.0,-1.0,-1.0,-1.0,-1.0,-1.0,-1.0,-1.0,-1.0,-1.0,-1.0,-1.0,-1.0,-1.0,-1.0,-1.0,0.4,-1.0,-1.0,-1.0,-1.0,-1.0,-1.0,-1.0,-1.0,-1.0,0.2,0.1,0.1,0.1,0.0,0.0,0.0,0.1,0.0,0.0,0.0,0.0,0.0,-1.0,-1.0
ETH,SI.POV.UMIC.NO,-1.0,-1.0,-1.0,-1.0,-1.0,-1.0,-1.0,-1.0,-1.0,-1.0,-1.0,-1.0,-1.0,-1.0,-1.0,-1.0,-1.0,-1.0,-1.0,-1.0,-1.0,55.0,-1.0,-1.0,-1.0,64.7,-1.0,-1.0,-1.0,-1.0,71.3,-1.0,-1.0,-1.0,-1.0,-1.0,81.6,-1.0,-1.0,-1.0,-1.0,86.7,-1.0,-1.0
FJI,SI.POV.UMIC.NO,-1.0,-1.0,-1.0,-1.0,-1.0,-1.0,-1.0,-1.0,-1.0,-1.0,-1.0,-1.0,-1.0,-1.0,-1.0,-1.0,-1.0,-1.0,-1.0,-1.0,-1.0,-1.0,-1.0,-1.0,-1.0,-1.0,-1.0,-1.0,0.4,-1.0,-1.0,-1.0,-1.0,-1.0,0.4,-1.0,-1.0,-1.0,-1.0,0.4,-1.0,-1.0,-1.0,-1.0
FIN,SI.POV.UMIC.NO,-1.0,-1.0,-1.0,-1.0,-1.0,-1.0,-1.0,-1.0,-1.0,-1.0,-1.0,-1.0,-1.0,-1.0,-1.0,-1.0,-1.0,-1.0,-1.0,-1.0,-1.0,-1.0,-1.0,-1.0,-1.0,-1.0,-1.0,-1.0,-1.0,0.0,0.0,0.0,0.0,0.0,0.0,0.0,0.0,0.0,0.0,0.0,0.0,0.0,-1.0,-1.0
FRA,SI.POV.UMIC.NO,-1.0,-1.0,-1.0,-1.0,-1.0,-1.0,-1.0,-1.0,-1.0,-1.0,-1.0,-1.0,-1.0,-1.0,-1.0,-1.0,-1.0,-1.0,-1.0,-1.0,-1.0,-1.0,-1.0,-1.0,-1.0,-1.0,-1.0,-1.0,-1.0,0.2,0.2,0.2,0.1,0.0,0.0,0.2,0.2,0.2,0.1,0.2,0.2,0.2,-1.0,-1.0
GAB,SI.POV.UMIC.NO,-1.0,-1.0,-1.0,-1.0,-1.0,-1.0,-1.0,-1.0,-1.0,-1.0,-1.0,-1.0,-1.0,-1.0,-1.0,-1.0,-1.0,-1.0,-1.0,-1.0,-1.0,-1.0,-1.0,-1.0,-1.0,-1.0,-1.0,-1.0,-1.0,-1.0,-1.0,0.8,-1.0,-1.0,-1.0,-1.0,-1.0,-1.0,-1.0,-1.0,-1.0,-1.0,-1.0,-1.0
GMB,SI.POV.UMIC.NO,-1.0,-1.0,-1.0,-1.0,-1.0,-1.0,-1.0,-1.0,-1.0,-1.0,-1.0,-1.0,-1.0,-1.0,-1.0,-1.0,-1.0,-1.0,-1.0,-1.0,-1.0,-1.0,-1.0,-1.0,1.1,-1.0,-1.0,-1.0,-1.0,1.2,-1.0,-1.0,-1.0,-1.0,-1.0,-1.0,1.4,-1.0,-1.0,-1.0,-1.0,1.4,-1.0,-1.0
GEO,SI.POV.UMIC.NO,-1.0,-1.0,-1.0,-1.0,-1.0,-1.0,-1.0,-1.0,-1.0,-1.0,-1.0,-1.0,-1.0,-1.0,-1.0,-1.0,-1.0,-1.0,-1.0,-1.0,-1.0,-1.0,2.0,3.0,3.0,3.3,3.3,3.4,2.8,2.8,2.6,2.7,2.7,2.7,2.6,2.4,2.5,2.3,2.2,1.9,1.8,1.7,1.7,-1.0
DEU,SI.POV.UMIC.NO,-1.0,-1.0,-1.0,-1.0,-1.0,-1.0,-1.0,-1.0,-1.0,-1.0,-1.0,-1.0,-1.0,-1.0,-1.0,-1.0,-1.0,0.3,-1.0,-1.0,0.6,-1.0,-1.0,-1.0,-1.0,-1.0,0.3,0.3,-1.0,-1.0,0.3,-1.0,0.0,0.0,-1.0,-1.0,0.3,0.0,-1.0,0.3,-1.0,0.3,-1.0,-1.0
GHA,SI.POV.UMIC.NO,-1.0,-1.0,-1.0,-1.0,-1.0,-1.0,-1.0,-1.0,-1.0,-1.0,-1.0,-1.0,-1.0,13.0,12.9,-1.0,-1.0,14.4,-1.0,-1.0,-1.0,-1.0,-1.0,-1.0,15.4,-1.0,-1.0,-1.0,-1.0,-1.0,-1.0,17.0,-1.0,-1.0,-1.0,-1.0,-1.0,-1.0,15.9,-1.0,-1.0,-1.0,-1.0,-1.0
GRC,SI.POV.UMIC.NO,-1.0,-1.0,-1.0,-1.0,-1.0,-1.0,-1.0,-1.0,-1.0,-1.0,-1.0,-1.0,-1.0,-1.0,-1.0,-1.0,-1.0,-1.0,-1.0,-1.0,-1.0,-1.0,-1.0,-1.0,-1.0,-1.0,-1.0,-1.0,-1.0,0.2,0.2,0.2,0.2,0.2,0.1,0.2,0.2,0.5,0.7,0.8,0.8,0.7,-1.0,-1.0
GTM,SI.POV.UMIC.NO,-1.0,-1.0,-1.0,-1.0,-1.0,-1.0,-1.0,-1.0,-1.0,-1.0,-1.0,-1.0,7.2,-1.0,-1.0,6.6,-1.0,-1.0,-1.0,-1.0,-1.0,-1.0,-1.0,-1.0,5.6,-1.0,5.2,-1.0,-1.0,-1.0,-1.0,-1.0,5.8,-1.0,-1.0,-1.0,-1.0,-1.0,-1.0,-1.0,7.8,-1.0,-1.0,-1.0
GIN,SI.POV.UMIC.NO,-1.0,-1.0,-1.0,-1.0,-1.0,-1.0,-1.0,-1.0,-1.0,-1.0,-1.0,-1.0,-1.0,-1.0,-1.0,-1.0,-1.0,6.4,-1.0,-1.0,6.7,-1.0,-1.0,-1.0,-1.0,-1.0,-1.0,-1.0,8.7,-1.0,-1.0,-1.0,-1.0,9.6,-1.0,-1.0,-1.0,-1.0,10.4,-1.0,-1.0,-1.0,-1.0,-1.0
GNB,SI.POV.UMIC.NO,-1.0,-1.0,-1.0,-1.0,-1.0,-1.0,-1.0,-1.0,-1.0,-1.0,-1.0,-1.0,-1.0,-1.0,-1.0,-1.0,-1.0,0.8,-1.0,1.0,-1.0,-1.0,-1.0,-1.0,-1.0,-1.0,-1.0,-1.0,1.2,-1.0,-1.0,-1.0,-1.0,-1.0,-1.0,-1.0,1.5,-1.0,-1.0,-1.0,-1.0,-1.0,-1.0,-1.0
GUY,SI.POV.UMIC.NO,-1.0,-1.0,-1.0,-1.0,-1.0,-1.0,-1.0,-1.0,-1.0,-1.0,-1.0,-1.0,-1.0,-1.0,-1.0,-1.0,-1.0,-1.0,0.6,-1.0,-1.0,-1.0,-1.0,-1.0,0.4,-1.0,-1.0,-1.0,-1.0,-1.0,-1.0,-1.0,-1.0,-1.0,-1.0,-1.0,-1.0,-1.0,-1.0,-1.0,-1.0,-1.0,-1.0,-1.0
HTI,SI.POV.UMIC.NO,-1.0,-1.0,-1.0,-1.0,-1.0,-1.0,-1.0,-1.0,-1.0,-1.0,-1.0,-1.0,-1.0,-1.0,-1.0,-1.0,-1.0,-1.0,-1.0,-1.0,-1.0,-1.0,-1.0,-1.0,-1.0,-1.0,-1.0,-1.0,-1.0,-1.0,-1.0,-1.0,-1.0,-1.0,-1.0,-1.0,-1.0,-1.0,8.0,-1.0,-1.0,-1.0,-1.0,-1.0
HND,SI.POV.UMIC.NO,-1.0,-1.0,-1.0,-1.0,-1.0,-1.0,-1.0,-1.0,-1.0,-1.0,-1.0,-1.0,-1.0,-1.0,-1.0,3.8,4.1,4.0,4.0,3.7,3.8,4.0,4.2,3.8,3.9,4.1,-1.0,3.7,4.1,4.5,4.5,4.5,4.2,4.1,3.9,3.8,4.1,4.4,4.9,4.8,4.7,4.8,4.6,-1.0
HUN,SI.POV.UMIC.NO,-1.0,-1.0,-1.0,-1.0,-1.0,-1.0,-1.0,-1.0,-1.0,-1.0,-1.0,-1.0,-1.0,0.0,-1.0,1.3,-1.0,-1.0,-1.0,0.2,-1.0,-1.0,-1.0,-1.0,-1.0,-1.0,-1.0,-1.0,-1.0,-1.0,0.3,0.5,0.2,0.2,0.2,0.1,0.2,0.3,0.4,0.4,0.3,0.3,-1.0,-1.0
ISL,SI.POV.UMIC.NO,-1.0,-1.0,-1.0,-1.0,-1.0,-1.0,-1.0,-1.0,-1.0,-1.0,-1.0,-1.0,-1.0,-1.0,-1.0,-1.0,-1.0,-1.0,-1.0,-1.0,-1.0,-1.0,-1.0,-1.0,-1.0,-1.0,-1.0,-1.0,-1.0,0.0,0.0,0.0,0.0,0.0,0.0,0.0,0.0,0.0,0.0,0.0,0.0,-1.0,-1.0,-1.0
IND,SI.POV.UMIC.NO,-1.0,-1.0,-1.0,643.7,-1.0,-1.0,-1.0,-1.0,-1.0,718.6,-1.0,-1.0,-1.0,791.0,-1.0,-1.0,-1.0,-1.0,-1.0,897.8,-1.0,-1.0,-1.0,-1.0,-1.0,-1.0,-1.0,-1.0,-1.0,-1.0,1042.3,-1.0,-1.0,-1.0,-1.0,1116.1,-1.0,1096.5,-1.0,-1.0,-1.0,-1.0,-1.0,-1.0
IDN,SI.POV.UMIC.NO,-1.0,-1.0,-1.0,-1.0,-1.0,-1.0,-1.0,-1.0,-1.0,-1.0,158.6,-1.0,-1.0,168.9,-1.0,-1.0,175.6,-1.0,-1.0,184.4,-1.0,-1.0,188.2,-1.0,201.4,199.1,202.5,203.4,195.2,195.3,198.0,198.5,205.3,197.5,199.7,200.2,188.7,182.8,183.2,178.9,175.9,172.9,162.6,-1.0
IRN,SI.POV.UMIC.NO,-1.0,-1.0,-1.0,-1.0,-1.0,-1.0,-1.0,-1.0,-1.0,-1.0,-1.0,-1.0,21.8,-1.0,-1.0,-1.0,24.4,-1.0,-1.0,-1.0,22.7,-1.0,-1.0,-1.0,21.4,-1.0,-1.0,-1.0,-1.0,-1.0,-1.0,9.6,10.4,-1.0,-1.0,9.7,-1.0,-1.0,-1.0,6.3,8.2,-1.0,-1.0,-1.0
IRQ,SI.POV.UMIC.NO,-1.0,-1.0,-1.0,-1.0,-1.0,-1.0,-1.0,-1.0,-1.0,-1.0,-1.0,-1.0,-1.0,-1.0,-1.0,-1.0,-1.0,-1.0,-1.0,-1.0,-1.0,-1.0,-1.0,-1.0,-1.0,-1.0,-1.0,-1.0,-1.0,-1.0,-1.0,-1.0,17.7,-1.0,-1.0,-1.0,-1.0,-1.0,18.8,-1.0,-1.0,-1.0,-1.0,-1.0
IRL,SI.POV.UMIC.NO,-1.0,-1.0,-1.0,-1.0,-1.0,-1.0,-1.0,-1.0,-1.0,-1.0,-1.0,-1.0,-1.0,-1.0,-1.0,-1.0,-1.0,-1.0,-1.0,-1.0,-1.0,-1.0,-1.0,-1.0,-1.0,-1.0,-1.0,-1.0,-1.0,0.0,0.0,0.0,0.0,0.0,0.0,0.1,0.1,0.1,0.0,0.1,0.0,-1.0,-1.0,-1.0
ISR,SI.POV.UMIC.NO,-1.0,-1.0,-1.0,-1.0,-1.0,0.2,-1.0,-1.0,-1.0,-1.0,-1.0,-1.0,0.3,-1.0,-1.0,-1.0,-1.0,-1.0,0.1,-1.0,-1.0,-1.0,-1.0,0.2,-1.0,-1.0,-1.0,0.2,-1.0,-1.0,-1.0,0.4,-1.0,0.3,-1.0,-1.0,0.3,-1.0,0.4,-1.0,-1.0,-1.0,-1.0,-1.0
ITA,SI.POV.UMIC.NO,-1.0,-1.0,-1.0,-1.0,-1.0,-1.0,-1.0,-1.0,-1.0,-1.0,-1.0,-1.0,-1.0,-1.0,-1.0,-1.0,-1.0,-1.0,-1.0,-1.0,-1.0,-1.0,-1.0,-1.0,-1.0,-1.0,-1.0,-1.0,-1.0,1.0,0.9,1.0,0.9,0.9,1.0,1.0,1.5,1.5,1.8,1.8,1.7,-1.0,-1.0,-1.0
JAM,SI.POV.UMIC.NO,-1.0,-1.0,-1.0,-1.0,-1.0,-1.0,-1.0,-1.0,-1.0,-1.0,-1.0,-1.0,-1.0,-1.0,1.1,-1.0,1.2,-1.0,-1.0,1.6,-1.0,-1.0,1.1,-1.0,-1.0,0.8,-1.0,-1.0,0.9,-1.0,0.8,-1.0,-1.0,-1.0,-1.0,-1.0,-1.0,-1.0,-1.0,-1.0,-1.0,-1.0,-1.0,-1.0
JPN,SI.POV.UMIC.NO,-1.0,-1.0,-1.0,-1.0,-1.0,-1.0,-1.0,-1.0,-1.0,-1.0,-1.0,-1.0,-1.0,-1.0,-1.0,-1.0,-1.0,-1.0,-1.0,-1.0,-1.0,-1.0,-1.0,-1.0,-1.0,-1.0,-1.0,-1.0,-1.0,-1.0,-1.0,-1.0,-1.0,-1.0,1.3,-1.0,-1.0,-1.0,-1.0,-1.0,-1.0,-1.0,-1.0,-1.0
JOR,SI.POV.UMIC.NO,-1.0,-1.0,-1.0,-1.0,-1.0,-1.0,-1.0,-1.0,-1.0,-1.0,-1.0,-1.0,0.7,-1.0,-1.0,-1.0,-1.0,-1.0,1.7,-1.0,-1.0,-1.0,-1.0,2.2,-1.0,-1.0,-1.0,-1.0,1.8,-1.0,-1.0,-1.0,1.4,-1.0,1.5,-1.0,1.3,-1.0,-1.0,-1.0,-1.0,-1.0,-1.0,-1.0
KAZ,SI.POV.UMIC.NO,-1.0,-1.0,-1.0,-1.0,-1.0,-1.0,-1.0,-1.0,-1.0,-1.0,-1.0,-1.0,-1.0,-1.0,-1.0,-1.0,-1.0,-1.0,-1.0,-1.0,-1.0,-1.0,8.9,-1.0,-1.0,-1.0,-1.0,9.6,9.2,8.4,7.8,7.8,5.4,3.7,3.5,3.7,3.0,1.5,1.5,1.0,1.1,1.3,-1.0,-1.0
KEN,SI.POV.UMIC.NO,-1.0,-1.0,-1.0,-1.0,-1.0,-1.0,-1.0,-1.0,-1.0,-1.0,-1.0,-1.0,-1.0,-1.0,-1.0,-1.0,-1.0,-1.0,18.9,-1.0,21.5,-1.0,-1.0,23.7,-1.0,-1.0,-1.0,-1.0,-1.0,-1.0,-1.0,31.2,-1.0,-1.0,-1.0,-1.0,-1.0,-1.0,-1.0,-1.0,-1.0,-1.0,-1.0,-1.0
KIR,SI.POV.UMIC.NO,-1.0,-1.0,-1.0,-1.0,-1.0,-1.0,-1.0,-1.0,-1.0,-1.0,-1.0,-1.0,-1.0,-1.0,-1.0,-1.0,-1.0,-1.0,-1.0,-1.0,-1.0,-1.0,-1.0,-1.0,-1.0,-1.0,-1.0,-1.0,-1.0,-1.0,-1.0,-1.0,0.1,-1.0,-1.0,-1.0,-1.0,-1.0,-1.0,-1.0,-1.0,-1.0,-1.0,-1.0
KOR,SI.POV.UMIC.NO,-1.0,-1.0,-1.0,-1.0,-1.0,-1.0,-1.0,-1.0,-1.0,-1.0,-1.0,-1.0,-1.0,-1.0,-1.0,-1.0,-1.0,-1.0,-1.0,-1.0,-1.0,-1.0,-1.0,-1.0,-1.0,-1.0,-1.0,-1.0,-1.0,-1.0,-1.0,-1.0,0.7,-1.0,0.7,-1.0,0.8,-1.0,0.7,-1.0,-1.0,-1.0,-1.0,-1.0
XKX,SI.POV.UMIC.NO,-1.0,-1.0,-1.0,-1.0,-1.0,-1.0,-1.0,-1.0,-1.0,-1.0,-1.0,-1.0,-1.0,-1.0,-1.0,-1.0,-1.0,-1.0,-1.0,-1.0,-1.0,-1.0,-1.0,-1.0,-1.0,-1.0,-1.0,-1.0,-1.0,0.9,-1.0,0.9,0.9,-1.0,-1.0,0.8,0.8,0.7,0.5,0.4,0.5,0.4,-1.0,-1.0
KGZ,SI.POV.UMIC.NO,-1.0,-1.0,-1.0,-1.0,-1.0,-1.0,-1.0,-1.0,-1.0,-1.0,-1.0,-1.0,-1.0,-1.0,-1.0,-1.0,-1.0,-1.0,-1.0,-1.0,-1.0,-1.0,-1.0,-1.0,3.7,-1.0,4.6,4.7,4.7,4.7,4.0,4.3,3.7,3.7,3.4,3.4,3.6,3.7,3.9,4.0,3.9,4.2,4.1,-1.0
LAO,SI.POV.UMIC.NO,-1.0,-1.0,-1.0,-1.0,-1.0,-1.0,-1.0,-1.0,-1.0,-1.0,-1.0,-1.0,-1.0,-1.0,-1.0,-1.0,-1.0,-1.0,4.1,-1.0,-1.0,-1.0,-1.0,4.8,-1.0,-1.0,-1.0,-1.0,5.1,-1.0,-1.0,-1.0,-1.0,5.3,-1.0,-1.0,-1.0,-1.0,5.5,-1.0,-1.0,-1.0,-1.0,-1.0
LVA,SI.POV.UMIC.NO,-1.0,-1.0,-1.0,-1.0,-1.0,-1.0,-1.0,-1.0,-1.0,-1.0,-1.0,-1.0,-1.0,-1.0,-1.0,-1.0,-1.0,-1.0,-1.0,0.8,-1.0,0.6,0.6,-1.0,-1.0,-1.0,-1.0,-1.0,-1.0,-1.0,0.3,0.3,0.2,0.1,0.1,0.2,0.2,0.2,0.2,0.1,0.1,0.1,-1.0,-1.0
LBN,SI.POV.UMIC.NO,-1.0,-1.0,-1.0,-1.0,-1.0,-1.0,-1.0,-1.0,-1.0,-1.0,-1.0,-1.0,-1.0,-1.0,-1.0,-1.0,-1.0,-1.0,-1.0,-1.0,-1.0,-1.0,-1.0,-1.0,-1.0,-1.0,-1.0,-1.0,-1.0,-1.0,-1.0,-1.0,-1.0,-1.0,-1.0,-1.0,-1.0,0.1,-1.0,-1.0,-1.0,-1.0,-1.0,-1.0
LSO,SI.POV.UMIC.NO,-1.0,-1.0,-1.0,-1.0,-1.0,-1.0,-1.0,-1.0,-1.0,-1.0,-1.0,-1.0,1.5,-1.0,-1.0,-1.0,-1.0,-1.0,-1.0,-1.0,1.6,-1.0,-1.0,-1.0,-1.0,-1.0,-1.0,-1.0,1.8,-1.0,-1.0,-1.0,-1.0,-1.0,-1.0,-1.0,1.8,-1.0,-1.0,-1.0,-1.0,-1.0,-1.0,-1.0
LBR,SI.POV.UMIC.NO,-1.0,-1.0,-1.0,-1.0,-1.0,-1.0,-1.0,-1.0,-1.0,-1.0,-1.0,-1.0,-1.0,-1.0,-1.0,-1.0,-1.0,-1.0,-1.0,-1.0,-1.0,-1.0,-1.0,-1.0,-1.0,-1.0,-1.0,-1.0,-1.0,-1.0,-1.0,-1.0,-1.0,3.4,-1.0,-1.0,-1.0,-1.0,-1.0,-1.0,4.1,-1.0,-1.0,-1.0
LTU,SI.POV.UMIC.NO,-1.0,-1.0,-1.0,-1.0,-1.0,-1.0,-1.0,-1.0,-1.0,-1.0,-1.0,-1.0,-1.0,-1.0,-1.0,-1.0,-1.0,-1.0,-1.0,2.6,-1.0,-1.0,-1.0,-1.0,-1.0,-1.0,-1.0,-1.0,-1.0,-1.0,0.7,0.4,0.2,0.1,0.1,0.3,0.3,0.2,0.2,0.1,0.1,0.1,-1.0,-1.0
LUX,SI.POV.UMIC.NO,-1.0,-1.0,-1.0,-1.0,-1.0,-1.0,-1.0,-1.0,-1.0,-1.0,-1.0,-1.0,-1.0,-1.0,-1.0,-1.0,-1.0,-1.0,-1.0,-1.0,-1.0,-1.0,-1.0,-1.0,-1.0,-1.0,-1.0,-1.0,-1.0,0.0,0.0,0.0,0.0,0.0,0.0,0.0,0.0,0.0,0.0,0.0,0.0,-1.0,-1.0,-1.0
MKD,SI.POV.UMIC.NO,-1.0,-1.0,-1.0,-1.0,-1.0,-1.0,-1.0,-1.0,-1.0,-1.0,-1.0,-1.0,-1.0,-1.0,-1.0,-1.0,-1.0,-1.0,-1.0,-1.0,-1.0,-1.0,-1.0,-1.0,-1.0,-1.0,-1.0,-1.0,-1.0,-1.0,-1.0,-1.0,-1.0,-1.0,-1.0,-1.0,0.7,0.7,0.6,0.6,0.5,-1.0,-1.0,-1.0
MDG,SI.POV.UMIC.NO,-1.0,-1.0,-1.0,-1.0,-1.0,-1.0,7.7,-1.0,-1.0,-1.0,-1.0,-1.0,-1.0,-1.0,-1.0,-1.0,-1.0,-1.0,-1.0,12.2,-1.0,-1.0,-1.0,13.9,-1.0,14.8,-1.0,15.3,-1.0,-1.0,-1.0,17.8,-1.0,-1.0,-1.0,-1.0,20.6,-1.0,21.8,-1.0,-1.0,-1.0,-1.0,-1.0
MWI,SI.POV.UMIC.NO,-1.0,-1.0,-1.0,-1.0,-1.0,-1.0,-1.0,-1.0,-1.0,-1.0,-1.0,-1.0,-1.0,-1.0,-1.0,-1.0,-1.0,-1.0,-1.0,-1.0,-1.0,-1.0,-1.0,10.0,-1.0,-1.0,-1.0,-1.0,-1.0,-1.0,12.3,-1.0,-1.0,-1.0,-1.0,-1.0,14.6,-1.0,-1.0,-1.0,-1.0,-1.0,-1.0,-1.0
MYS,SI.POV.UMIC.NO,-1.0,-1.0,-1.0,-1.0,-1.0,-1.0,-1.0,-1.0,-1.0,-1.0,4.9,-1.0,-1.0,5.4,-1.0,5.7,-1.0,-1.0,5.8,-1.0,-1.0,6.0,-1.0,4.7,-1.0,-1.0,-1.0,-1.0,-1.0,-1.0,3.0,-1.0,-1.0,3.8,-1.0,3.8,-1.0,-1.0,-1.0,-1.0,-1.0,-1.0,-1.0,-1.0
MDV,SI.POV.UMIC.NO,-1.0,-1.0,-1.0,-1.0,-1.0,-1.0,-1.0,-1.0,-1.0,-1.0,-1.0,-1.0,-1.0,-1.0,-1.0,-1.0,-1.0,-1.0,-1.0,-1.0,-1.0,-1.0,-1.0,-1.0,-1.0,-1.0,-1.0,-1.0,0.2,-1.0,-1.0,-1.0,-1.0,-1.0,-1.0,0.2,-1.0,-1.0,-1.0,-1.0,-1.0,-1.0,-1.0,-1.0
MLI,SI.POV.UMIC.NO,-1.0,-1.0,-1.0,-1.0,-1.0,-1.0,-1.0,-1.0,-1.0,-1.0,-1.0,-1.0,-1.0,-1.0,-1.0,-1.0,-1.0,-1.0,-1.0,-1.0,9.1,-1.0,-1.0,-1.0,-1.0,-1.0,-1.0,10.7,-1.0,-1.0,-1.0,-1.0,12.2,-1.0,-1.0,14.3,-1.0,-1.0,-1.0,-1.0,-1.0,-1.0,-1.0,-1.0
MLT,SI.POV.UMIC.NO,-1.0,-1.0,-1.0,-1.0,-1.0,-1.0,-1.0,-1.0,-1.0,-1.0,-1.0,-1.0,-1.0,-1.0,-1.0,-1.0,-1.0,-1.0,-1.0,-1.0,-1.0,-1.0,-1.0,-1.0,-1.0,-1.0,-1.0,-1.0,-1.0,-1.0,-1.0,-1.0,0.0,0.0,0.0,0.0,0.0,0.0,0.0,0.0,0.0,-1.0,-1.0,-1.0
MRT,SI.POV.UMIC.NO,-1.0,-1.0,-1.0,-1.0,-1.0,-1.0,-1.0,-1.0,-1.0,-1.0,-1.0,-1.0,-1.0,1.6,-1.0,-1.0,-1.0,-1.0,-1.0,1.9,-1.0,1.9,-1.0,-1.0,-1.0,-1.0,2.0,-1.0,-1.0,-1.0,2.3,-1.0,-1.0,-1.0,2.2,-1.0,-1.0,-1.0,-1.0,-1.0,2.4,-1.0,-1.0,-1.0
MUS,SI.POV.UMIC.NO,-1.0,-1.0,-1.0,-1.0,-1.0,-1.0,-1.0,-1.0,-1.0,-1.0,-1.0,-1.0,-1.0,-1.0,-1.0,-1.0,-1.0,-1.0,-1.0,-1.0,-1.0,-1.0,-1.0,-1.0,-1.0,-1.0,-1.0,-1.0,-1.0,-1.0,-1.0,-1.0,0.2,-1.0,-1.0,-1.0,-1.0,-1.0,0.2,-1.0,-1.0,-1.0,-1.0,-1.0
MEX,SI.POV.UMIC.NO,-1.0,-1.0,-1.0,-1.0,-1.0,-1.0,-1.0,-1.0,-1.0,-1.0,33.3,-1.0,-1.0,-1.0,-1.0,-1.0,-1.0,-1.0,38.8,-1.0,40.2,-1.0,51.8,-1.0,50.0,-1.0,45.8,-1.0,45.2,-1.0,42.0,44.5,37.1,-1.0,42.6,-1.0,43.5,-1.0,44.0,-1.0,50.3,-1.0,44.4,-1.0
FSM,SI.POV.UMIC.NO,-1.0,-1.0,-1.0,-1.0,-1.0,-1.0,-1.0,-1.0,-1.0,-1.0,-1.0,-1.0,-1.0,-1.0,-1.0,-1.0,-1.0,-1.0,-1.0,-1.0,-1.0,-1.0,-1.0,-1.0,-1.0,-1.0,-1.0,-1.0,-1.0,-1.0,-1.0,0.1,-1.0,-1.0,-1.0,-1.0,-1.0,-1.0,-1.0,0.1,-1.0,-1.0,-1.0,-1.0
MDA,SI.POV.UMIC.NO,-1.0,-1.0,-1.0,-1.0,-1.0,-1.0,-1.0,-1.0,-1.0,-1.0,-1.0,-1.0,-1.0,-1.0,-1.0,-1.0,-1.0,-1.0,-1.0,-1.0,-1.0,-1.0,-1.0,2.7,3.0,3.2,3.3,3.1,2.8,2.5,2.5,2.7,1.5,1.1,1.2,1.1,1.0,0.9,0.9,0.7,0.7,0.6,0.6,-1.0
MNG,SI.POV.UMIC.NO,-1.0,-1.0,-1.0,-1.0,-1.0,-1.0,-1.0,-1.0,-1.0,-1.0,-1.0,-1.0,-1.0,-1.0,-1.0,-1.0,-1.0,-1.0,-1.0,-1.0,-1.0,1.7,-1.0,-1.0,2.1,-1.0,-1.0,-1.0,1.7,-1.0,-1.0,-1.0,-1.0,1.1,-1.0,-1.0,1.0,0.9,0.7,-1.0,0.5,-1.0,0.9,-1.0
MNE,SI.POV.UMIC.NO,-1.0,-1.0,-1.0,-1.0,-1.0,-1.0,-1.0,-1.0,-1.0,-1.0,-1.0,-1.0,-1.0,-1.0,-1.0,-1.0,-1.0,-1.0,-1.0,-1.0,-1.0,-1.0,-1.0,-1.0,-1.0,-1.0,-1.0,-1.0,-1.0,-1.0,-1.0,0.1,0.1,0.0,0.0,0.0,0.0,0.0,0.1,0.1,0.0,-1.0,-1.0,-1.0
MAR,SI.POV.UMIC.NO,-1.0,-1.0,-1.0,-1.0,-1.0,-1.0,-1.0,-1.0,-1.0,-1.0,15.0,-1.0,-1.0,-1.0,-1.0,-1.0,12.1,-1.0,-1.0,-1.0,-1.0,-1.0,-1.0,-1.0,16.7,-1.0,17.4,-1.0,-1.0,-1.0,-1.0,-1.0,15.0,-1.0,-1.0,-1.0,-1.0,-1.0,-1.0,-1.0,-1.0,-1.0,-1.0,-1.0
MOZ,SI.POV.UMIC.NO,-1.0,-1.0,-1.0,-1.0,-1.0,-1.0,-1.0,-1.0,-1.0,-1.0,-1.0,-1.0,-1.0,-1.0,-1.0,-1.0,-1.0,-1.0,-1.0,-1.0,-1.0,-1.0,15.7,-1.0,-1.0,-1.0,-1.0,-1.0,18.6,-1.0,-1.0,-1.0,-1.0,-1.0,22.6,-1.0,-1.0,-1.0,-1.0,-1.0,25.0,-1.0,-1.0,-1.0
MMR,SI.POV.UMIC.NO,-1.0,-1.0,-1.0,-1.0,-1.0,-1.0,-1.0,-1.0,-1.0,-1.0,-1.0,-1.0,-1.0,-1.0,-1.0,-1.0,-1.0,-1.0,-1.0,-1.0,-1.0,-1.0,-1.0,-1.0,-1.0,-1.0,-1.0,-1.0,-1.0,-1.0,-1.0,-1.0,-1.0,-1.0,-1.0,-1.0,-1.0,-1.0,-1.0,-1.0,-1.0,35.4,-1.0,-1.0
NAM,SI.POV.UMIC.NO,-1.0,-1.0,-1.0,-1.0,-1.0,-1.0,-1.0,-1.0,-1.0,-1.0,-1.0,-1.0,-1.0,-1.0,-1.0,-1.0,-1.0,-1.0,-1.0,-1.0,-1.0,-1.0,-1.0,-1.0,-1.0,-1.0,-1.0,-1.0,-1.0,1.5,-1.0,-1.0,-1.0,-1.0,-1.0,1.5,-1.0,-1.0,-1.0,-1.0,-1.0,-1.0,-1.0,-1.0
NPL,SI.POV.UMIC.NO,-1.0,-1.0,-1.0,-1.0,-1.0,-1.0,-1.0,-1.0,-1.0,-1.0,-1.0,-1.0,-1.0,-1.0,-1.0,-1.0,-1.0,-1.0,-1.0,-1.0,-1.0,21.1,-1.0,-1.0,-1.0,-1.0,-1.0,-1.0,-1.0,22.4,-1.0,-1.0,-1.0,-1.0,-1.0,-1.0,22.4,-1.0,-1.0,-1.0,-1.0,-1.0,-1.0,-1.0
NLD,SI.POV.UMIC.NO,-1.0,-1.0,-1.0,-1.0,-1.0,-1.0,-1.0,-1.0,-1.0,-1.0,-1.0,-1.0,-1.0,-1.0,-1.0,-1.0,-1.0,-1.0,-1.0,-1.0,-1.0,-1.0,-1.0,-1.0,-1.0,-1.0,-1.0,-1.0,-1.0,-1.0,0.1,0.1,0.0,0.0,0.1,0.0,0.0,0.0,0.0,0.0,0.1,0.1,-1.0,-1.0
NIC,SI.POV.UMIC.NO,-1.0,-1.0,-1.0,-1.0,-1.0,-1.0,-1.0,-1.0,-1.0,-1.0,-1.0,-1.0,-1.0,-1.0,-1.0,-1.0,-1.0,-1.0,-1.0,3.3,-1.0,-1.0,-1.0,-1.0,3.4,-1.0,-1.0,3.2,-1.0,-1.0,-1.0,2.9,-1.0,-1.0,-1.0,2.8,-1.0,-1.0,-1.0,-1.0,2.1,-1.0,-1.0,-1.0
NER,SI.POV.UMIC.NO,-1.0,-1.0,-1.0,-1.0,-1.0,-1.0,-1.0,-1.0,-1.0,-1.0,-1.0,-1.0,-1.0,-1.0,-1.0,-1.0,-1.0,-1.0,8.7,-1.0,9.0,-1.0,-1.0,-1.0,-1.0,-1.0,-1.0,-1.0,-1.0,-1.0,-1.0,13.2,-1.0,14.2,-1.0,-1.0,-1.0,16.3,-1.0,-1.0,17.9,-1.0,-1.0,-1.0
NGA,SI.POV.UMIC.NO,-1.0,-1.0,-1.0,-1.0,-1.0,-1.0,-1.0,-1.0,-1.0,-1.0,-1.0,78.2,-1.0,-1.0,-1.0,-1.0,-1.0,-1.0,92.7,-1.0,-1.0,-1.0,102.8,-1.0,-1.0,-1.0,-1.0,-1.0,-1.0,127.4,-1.0,-1.0,-1.0,-1.0,-1.0,146.1,-1.0,-1.0,-1.0,-1.0,-1.0,-1.0,-1.0,-1.0
NOR,SI.POV.UMIC.NO,-1.0,-1.0,-1.0,-1.0,-1.0,-1.0,-1.0,-1.0,-1.0,-1.0,-1.0,-1.0,-1.0,-1.0,-1.0,-1.0,-1.0,-1.0,-1.0,-1.0,-1.0,-1.0,-1.0,-1.0,-1.0,-1.0,-1.0,-1.0,-1.0,0.0,0.0,0.0,0.0,0.0,0.0,0.0,0.0,0.0,0.0,0.0,0.0,0.0,-1.0,-1.0
PAK,SI.POV.UMIC.NO,-1.0,-1.0,-1.0,-1.0,-1.0,-1.0,-1.0,-1.0,-1.0,-1.0,-1.0,-1.0,-1.0,95.1,-1.0,-1.0,104.3,-1.0,-1.0,-1.0,-1.0,-1.0,114.6,-1.0,119.2,-1.0,-1.0,134.7,-1.0,-1.0,131.8,137.9,-1.0,140.9,-1.0,-1.0,144.9,148.5,-1.0,147.5,-1.0,-1.0,-1.0,-1.0
PLW,SI.POV.UMIC.NO,-1.0,-1.0,-1.0,-1.0,-1.0,-1.0,-1.0,-1.0,-1.0,-1.0,-1.0,-1.0,-1.0,-1.0,-1.0,-1.0,-1.0,-1.0,-1.0,-1.0,-1.0,-1.0,-1.0,-1.0,-1.0,-1.0,-1.0,-1.0,-1.0,-1.0,-1.0,-1.0,-1.0,-1.0,-1.0,-1.0,-1.0,-1.0,-1.0,-1.0,-1.0,-1.0,-1.0,-1.0
PAN,SI.POV.UMIC.NO,-1.0,-1.0,-1.0,-1.0,-1.0,0.8,-1.0,-1.0,-1.0,-1.0,-1.0,-1.0,-1.0,-1.0,-1.0,1.2,-1.0,1.2,-1.0,-1.0,-1.0,1.1,-1.0,1.1,1.1,1.1,1.1,1.3,1.2,1.2,1.2,1.2,1.2,1.1,0.9,0.8,0.8,0.7,0.7,0.7,0.7,0.6,0.6,-1.0
PNG,SI.POV.UMIC.NO,-1.0,-1.0,-1.0,-1.0,-1.0,-1.0,-1.0,-1.0,-1.0,-1.0,-1.0,-1.0,-1.0,-1.0,-1.0,-1.0,-1.0,-1.0,-1.0,-1.0,-1.0,-1.0,4.3,-1.0,-1.0,-1.0,-1.0,-1.0,-1.0,-1.0,-1.0,-1.0,-1.0,-1.0,-1.0,6.2,-1.0,-1.0,-1.0,-1.0,-1.0,-1.0,-1.0,-1.0
PRY,SI.POV.UMIC.NO,-1.0,-1.0,-1.0,-1.0,-1.0,-1.0,-1.0,-1.0,-1.0,-1.0,-1.0,-1.0,-1.0,-1.0,-1.0,-1.0,0.8,-1.0,-1.0,-1.0,-1.0,1.9,-1.0,1.8,-1.0,1.9,-1.0,2.0,2.6,2.3,2.2,2.0,2.3,2.2,2.0,2.0,1.9,1.8,1.5,1.3,1.3,1.3,1.4,-1.0
PER,SI.POV.UMIC.NO,-1.0,-1.0,-1.0,-1.0,-1.0,-1.0,-1.0,-1.0,-1.0,-1.0,-1.0,-1.0,-1.0,-1.0,-1.0,-1.0,-1.0,-1.0,-1.0,-1.0,-1.0,-1.0,-1.0,13.3,13.4,13.7,13.7,14.5,13.5,13.4,13.6,14.4,13.1,11.7,10.8,10.3,9.2,8.8,8.1,8.0,7.8,7.6,7.7,-1.0
PHL,SI.POV.UMIC.NO,-1.0,-1.0,-1.0,-1.0,-1.0,-1.0,-1.0,-1.0,-1.0,-1.0,-1.0,44.9,-1.0,-1.0,47.1,-1.0,-1.0,49.7,-1.0,-1.0,52.7,-1.0,-1.0,50.5,-1.0,-1.0,55.6,-1.0,-1.0,57.4,-1.0,-1.0,60.0,-1.0,-1.0,61.2,-1.0,-1.0,64.9,-1.0,-1.0,65.3,-1.0,-1.0
POL,SI.POV.UMIC.NO,-1.0,-1.0,-1.0,-1.0,-1.0,-1.0,-1.0,-1.0,-1.0,-1.0,-1.0,-1.0,-1.0,-1.0,-1.0,-1.0,-1.0,-1.0,-1.0,9.5,-1.0,-1.0,22.2,-1.0,3.6,4.0,4.2,4.4,4.8,4.1,3.8,4.5,3.4,2.6,2.1,1.8,1.8,1.9,1.8,1.7,1.6,1.4,-1.0,-1.0
PRT,SI.POV.UMIC.NO,-1.0,-1.0,-1.0,-1.0,-1.0,-1.0,-1.0,-1.0,-1.0,-1.0,-1.0,-1.0,-1.0,-1.0,-1.0,-1.0,-1.0,-1.0,-1.0,-1.0,-1.0,-1.0,-1.0,-1.0,-1.0,-1.0,-1.0,-1.0,-1.0,0.3,0.3,0.3,0.2,0.2,0.2,0.2,0.2,0.3,0.5,0.5,0.4,0.3,-1.0,-1.0
ROU,SI.POV.UMIC.NO,-1.0,-1.0,-1.0,-1.0,-1.0,-1.0,-1.0,-1.0,-1.0,-1.0,-1.0,-1.0,-1.0,-1.0,-1.0,-1.0,-1.0,-1.0,-1.0,-1.0,-1.0,-1.0,-1.0,-1.0,9.5,15.6,16.2,14.3,13.6,12.6,10.7,9.7,9.4,7.8,5.3,4.7,5.2,5.1,4.9,4.8,-1.0,-1.0,3.6,-1.0
RUS,SI.POV.UMIC.NO,-1.0,-1.0,-1.0,-1.0,-1.0,-1.0,-1.0,-1.0,-1.0,-1.0,-1.0,-1.0,-1.0,-1.0,-1.0,-1.0,-1.0,-1.0,-1.0,39.1,-1.0,-1.0,38.7,31.2,38.7,54.9,47.1,37.0,30.3,28.6,25.0,21.0,16.6,11.9,7.5,7.0,5.6,4.6,4.1,3.6,3.5,3.9,-1.0,-1.0
RWA,SI.POV.UMIC.NO,-1.0,-1.0,-1.0,-1.0,-1.0,-1.0,-1.0,-1.0,-1.0,-1.0,5.7,-1.0,-1.0,-1.0,-1.0,-1.0,-1.0,-1.0,-1.0,-1.0,-1.0,-1.0,-1.0,-1.0,-1.0,-1.0,7.7,-1.0,-1.0,-1.0,-1.0,8.6,-1.0,-1.0,-1.0,-1.0,9.6,-1.0,-1.0,10.4,-1.0,-1.0,-1.0,-1.0
WSM,SI.POV.UMIC.NO,-1.0,-1.0,-1.0,-1.0,-1.0,-1.0,-1.0,-1.0,-1.0,-1.0,-1.0,-1.0,-1.0,-1.0,-1.0,-1.0,-1.0,-1.0,-1.0,-1.0,-1.0,-1.0,-1.0,-1.0,-1.0,-1.0,-1.0,-1.0,-1.0,-1.0,-1.0,-1.0,-1.0,-1.0,0.1,-1.0,-1.0,-1.0,-1.0,-1.0,-1.0,-1.0,-1.0,-1.0
STP,SI.POV.UMIC.NO,-1.0,-1.0,-1.0,-1.0,-1.0,-1.0,-1.0,-1.0,-1.0,-1.0,-1.0,-1.0,-1.0,-1.0,-1.0,-1.0,-1.0,-1.0,-1.0,-1.0,-1.0,-1.0,-1.0,-1.0,-1.0,-1.0,0.1,-1.0,-1.0,-1.0,-1.0,-1.0,-1.0,-1.0,-1.0,-1.0,0.2,-1.0,-1.0,-1.0,-1.0,-1.0,-1.0,-1.0
SEN,SI.POV.UMIC.NO,-1.0,-1.0,-1.0,-1.0,-1.0,-1.0,-1.0,-1.0,-1.0,-1.0,-1.0,-1.0,-1.0,-1.0,-1.0,-1.0,-1.0,7.3,-1.0,-1.0,8.1,-1.0,-1.0,-1.0,-1.0,-1.0,-1.0,9.3,-1.0,-1.0,-1.0,10.3,-1.0,-1.0,-1.0,-1.0,-1.0,11.7,-1.0,-1.0,-1.0,-1.0,-1.0,-1.0
SRB,SI.POV.UMIC.NO,-1.0,-1.0,-1.0,-1.0,-1.0,-1.0,-1.0,-1.0,-1.0,-1.0,-1.0,-1.0,-1.0,-1.0,-1.0,-1.0,-1.0,-1.0,-1.0,-1.0,-1.0,-1.0,-1.0,-1.0,-1.0,-1.0,-1.0,-1.0,0.8,0.9,1.4,1.3,0.9,0.8,0.6,0.7,0.9,-1.0,-1.0,0.9,-1.0,0.5,-1.0,-1.0
SYC,SI.POV.UMIC.NO,-1.0,-1.0,-1.0,-1.0,-1.0,-1.0,-1.0,-1.0,-1.0,-1.0,-1.0,-1.0,-1.0,-1.0,-1.0,-1.0,-1.0,-1.0,-1.0,-1.0,-1.0,-1.0,-1.0,-1.0,-1.0,-1.0,-1.0,-1.0,-1.0,-1.0,-1.0,-1.0,-1.0,-1.0,-1.0,-1.0,-1.0,-1.0,-1.0,0.0,-1.0,-1.0,-1.0,-1.0
SLE,SI.POV.UMIC.NO,-1.0,-1.0,-1.0,-1.0,-1.0,-1.0,-1.0,-1.0,-1.0,-1.0,-1.0,-1.0,-1.0,-1.0,-1.0,4.0,-1.0,-1.0,-1.0,-1.0,-1.0,-1.0,-1.0,-1.0,-1.0,-1.0,-1.0,-1.0,-1.0,4.9,-1.0,-1.0,-1.0,-1.0,-1.0,-1.0,-1.0,6.3,-1.0,-1.0,-1.0,-1.0,-1.0,-1.0
SVK,SI.POV.UMIC.NO,-1.0,-1.0,-1.0,-1.0,-1.0,-1.0,-1.0,-1.0,-1.0,-1.0,-1.0,-1.0,-1.0,-1.0,-1.0,-1.0,-1.0,-1.0,-1.0,-1.0,-1.0,-1.0,0.3,-1.0,-1.0,-1.0,-1.0,-1.0,-1.0,-1.0,0.3,0.2,0.1,0.1,0.1,0.1,0.1,0.1,0.2,0.2,0.2,0.2,-1.0,-1.0
SVN,SI.POV.UMIC.NO,-1.0,-1.0,-1.0,-1.0,-1.0,-1.0,-1.0,-1.0,-1.0,-1.0,-1.0,-1.0,-1.0,-1.0,-1.0,-1.0,-1.0,-1.0,-1.0,0.0,-1.0,-1.0,-1.0,-1.0,-1.0,-1.0,-1.0,-1.0,-1.0,-1.0,0.0,0.0,0.0,0.0,0.0,0.0,0.0,0.0,0.0,0.0,0.0,0.0,-1.0,-1.0
SLB,SI.POV.UMIC.NO,-1.0,-1.0,-1.0,-1.0,-1.0,-1.0,-1.0,-1.0,-1.0,-1.0,-1.0,-1.0,-1.0,-1.0,-1.0,-1.0,-1.0,-1.0,-1.0,-1.0,-1.0,-1.0,-1.0,-1.0,-1.0,-1.0,-1.0,-1.0,-1.0,-1.0,-1.0,0.4,-1.0,-1.0,-1.0,-1.0,-1.0,-1.0,-1.0,0.5,-1.0,-1.0,-1.0,-1.0
ZAF,SI.POV.UMIC.NO,-1.0,-1.0,-1.0,-1.0,-1.0,-1.0,-1.0,-1.0,-1.0,-1.0,-1.0,-1.0,-1.0,-1.0,-1.0,-1.0,-1.0,-1.0,-1.0,25.8,-1.0,-1.0,29.3,-1.0,-1.0,-1.0,31.0,-1.0,-1.0,-1.0,-1.0,32.0,-1.0,-1.0,29.1,-1.0,28.7,-1.0,-1.0,-1.0,31.4,-1.0,-1.0,-1.0
SSD,SI.POV.UMIC.NO,-1.0,-1.0,-1.0,-1.0,-1.0,-1.0,-1.0,-1.0,-1.0,-1.0,-1.0,-1.0,-1.0,-1.0,-1.0,-1.0,-1.0,-1.0,-1.0,-1.0,-1.0,-1.0,-1.0,-1.0,-1.0,-1.0,-1.0,-1.0,-1.0,-1.0,-1.0,-1.0,-1.0,-1.0,-1.0,8.2,-1.0,-1.0,-1.0,-1.0,-1.0,-1.0,-1.0,-1.0
ESP,SI.POV.UMIC.NO,-1.0,-1.0,-1.0,-1.0,-1.0,-1.0,-1.0,-1.0,-1.0,-1.0,-1.0,-1.0,-1.0,-1.0,-1.0,-1.0,-1.0,-1.0,-1.0,-1.0,-1.0,-1.0,-1.0,-1.0,-1.0,-1.0,-1.0,-1.0,-1.0,0.8,0.9,0.9,1.0,0.7,0.8,1.0,1.0,1.3,1.4,1.5,1.4,1.5,-1.0,-1.0
LKA,SI.POV.UMIC.NO,-1.0,-1.0,-1.0,-1.0,-1.0,-1.0,-1.0,-1.0,-1.0,-1.0,-1.0,12.8,-1.0,-1.0,-1.0,-1.0,13.8,-1.0,-1.0,-1.0,-1.0,13.7,-1.0,-1.0,-1.0,-1.0,-1.0,-1.0,12.9,-1.0,-1.0,-1.0,11.4,-1.0,-1.0,11.2,-1.0,-1.0,10.4,-1.0,-1.0,-1.0,8.3,-1.0
LCA,SI.POV.UMIC.NO,-1.0,-1.0,-1.0,-1.0,-1.0,-1.0,-1.0,-1.0,-1.0,-1.0,-1.0,-1.0,-1.0,-1.0,-1.0,-1.0,-1.0,-1.0,-1.0,-1.0,-1.0,0.1,-1.0,-1.0,-1.0,-1.0,-1.0,-1.0,-1.0,-1.0,-1.0,-1.0,-1.0,-1.0,-1.0,-1.0,-1.0,-1.0,-1.0,-1.0,-1.0,-1.0,-1.0,-1.0
SDN,SI.POV.UMIC.NO,-1.0,-1.0,-1.0,-1.0,-1.0,-1.0,-1.0,-1.0,-1.0,-1.0,-1.0,-1.0,-1.0,-1.0,-1.0,-1.0,-1.0,-1.0,-1.0,-1.0,-1.0,-1.0,-1.0,-1.0,-1.0,-1.0,-1.0,-1.0,-1.0,-1.0,-1.0,-1.0,-1.0,-1.0,-1.0,24.6,-1.0,-1.0,-1.0,-1.0,-1.0,-1.0,-1.0,-1.0
SUR,SI.POV.UMIC.NO,-1.0,-1.0,-1.0,-1.0,-1.0,-1.0,-1.0,-1.0,-1.0,-1.0,-1.0,-1.0,-1.0,-1.0,-1.0,-1.0,-1.0,-1.0,-1.0,-1.0,-1.0,-1.0,-1.0,-1.0,-1.0,0.3,-1.0,-1.0,-1.0,-1.0,-1.0,-1.0,-1.0,-1.0,-1.0,-1.0,-1.0,-1.0,-1.0,-1.0,-1.0,-1.0,-1.0,-1.0
SWZ,SI.POV.UMIC.NO,-1.0,-1.0,-1.0,-1.0,-1.0,-1.0,-1.0,-1.0,-1.0,-1.0,-1.0,-1.0,-1.0,-1.0,-1.0,-1.0,-1.0,-1.0,-1.0,-1.0,0.9,-1.0,-1.0,-1.0,-1.0,-1.0,0.9,-1.0,-1.0,-1.0,-1.0,-1.0,-1.0,-1.0,-1.0,1.0,-1.0,-1.0,-1.0,-1.0,-1.0,-1.0,-1.0,-1.0
SWE,SI.POV.UMIC.NO,-1.0,-1.0,-1.0,-1.0,-1.0,-1.0,-1.0,-1.0,-1.0,-1.0,-1.0,-1.0,-1.0,-1.0,-1.0,-1.0,-1.0,-1.0,-1.0,-1.0,-1.0,-1.0,-1.0,-1.0,-1.0,-1.0,-1.0,-1.0,-1.0,0.1,0.1,0.2,0.1,0.1,0.1,0.1,0.1,0.1,0.1,0.1,0.1,0.1,-1.0,-1.0
CHE,SI.POV.UMIC.NO,-1.0,-1.0,-1.0,-1.0,-1.0,-1.0,-1.0,-1.0,-1.0,-1.0,-1.0,-1.0,-1.0,-1.0,-1.0,-1.0,-1.0,-1.0,-1.0,-1.0,-1.0,-1.0,-1.0,-1.0,-1.0,-1.0,-1.0,-1.0,-1.0,-1.0,-1.0,-1.0,0.0,0.0,0.0,0.0,0.0,0.0,0.0,0.0,0.0,-1.0,-1.0,-1.0
SYR,SI.POV.UMIC.NO,-1.0,-1.0,-1.0,-1.0,-1.0,-1.0,-1.0,-1.0,-1.0,-1.0,-1.0,-1.0,-1.0,-1.0,-1.0,-1.0,-1.0,-1.0,-1.0,-1.0,-1.0,-1.0,-1.0,-1.0,-1.0,-1.0,-1.0,-1.0,-1.0,-1.0,9.0,-1.0,-1.0,-1.0,-1.0,-1.0,-1.0,-1.0,-1.0,-1.0,-1.0,-1.0,-1.0,-1.0
TJK,SI.POV.UMIC.NO,-1.0,-1.0,-1.0,-1.0,-1.0,-1.0,-1.0,-1.0,-1.0,-1.0,-1.0,-1.0,-1.0,-1.0,-1.0,-1.0,-1.0,-1.0,-1.0,-1.0,-1.0,-1.0,-1.0,-1.0,-1.0,6.0,-1.0,-1.0,-1.0,6.0,5.4,-1.0,-1.0,5.3,-1.0,4.8,-1.0,-1.0,-1.0,-1.0,-1.0,4.6,-1.0,-1.0
TZA,SI.POV.UMIC.NO,-1.0,-1.0,-1.0,-1.0,-1.0,-1.0,-1.0,-1.0,-1.0,-1.0,-1.0,-1.0,-1.0,-1.0,-1.0,-1.0,-1.0,26.7,-1.0,-1.0,-1.0,-1.0,-1.0,-1.0,-1.0,-1.0,34.0,-1.0,-1.0,-1.0,-1.0,-1.0,-1.0,39.7,-1.0,-1.0,-1.0,45.7,-1.0,-1.0,-1.0,-1.0,-1.0,-1.0
THA,SI.POV.UMIC.NO,-1.0,-1.0,-1.0,-1.0,-1.0,-1.0,-1.0,33.6,-1.0,-1.0,-1.0,-1.0,-1.0,-1.0,37.6,-1.0,36.6,-1.0,33.5,-1.0,30.0,-1.0,27.3,-1.0,27.3,30.1,30.8,-1.0,25.7,-1.0,22.0,-1.0,17.9,16.4,15.3,13.6,12.0,9.3,9.3,7.9,-1.0,-1.0,-1.0,-1.0
TLS,SI.POV.UMIC.NO,-1.0,-1.0,-1.0,-1.0,-1.0,-1.0,-1.0,-1.0,-1.0,-1.0,-1.0,-1.0,-1.0,-1.0,-1.0,-1.0,-1.0,-1.0,-1.0,-1.0,-1.0,-1.0,-1.0,-1.0,-1.0,-1.0,-1.0,0.8,-1.0,-1.0,-1.0,-1.0,-1.0,1.0,-1.0,-1.0,-1.0,-1.0,-1.0,-1.0,1.1,-1.0,-1.0,-1.0
TGO,SI.POV.UMIC.NO,-1.0,-1.0,-1.0,-1.0,-1.0,-1.0,-1.0,-1.0,-1.0,-1.0,-1.0,-1.0,-1.0,-1.0,-1.0,-1.0,-1.0,-1.0,-1.0,-1.0,-1.0,-1.0,-1.0,-1.0,-1.0,-1.0,-1.0,-1.0,-1.0,-1.0,-1.0,-1.0,5.3,-1.0,-1.0,-1.0,-1.0,6.0,-1.0,-1.0,-1.0,6.7,-1.0,-1.0
TON,SI.POV.UMIC.NO,-1.0,-1.0,-1.0,-1.0,-1.0,-1.0,-1.0,-1.0,-1.0,-1.0,-1.0,-1.0,-1.0,-1.0,-1.0,-1.0,-1.0,-1.0,-1.0,-1.0,-1.0,-1.0,-1.0,-1.0,-1.0,-1.0,-1.0,0.0,-1.0,-1.0,-1.0,-1.0,-1.0,-1.0,-1.0,0.0,-1.0,-1.0,-1.0,-1.0,-1.0,-1.0,-1.0,-1.0
TTO,SI.POV.UMIC.NO,-1.0,-1.0,-1.0,-1.0,-1.0,-1.0,-1.0,-1.0,-1.0,-1.0,-1.0,-1.0,-1.0,-1.0,0.3,-1.0,-1.0,-1.0,0.4,-1.0,-1.0,-1.0,-1.0,-1.0,-1.0,-1.0,-1.0,-1.0,-1.0,-1.0,-1.0,-1.0,-1.0,-1.0,-1.0,-1.0,-1.0,-1.0,-1.0,-1.0,-1.0,-1.0,-1.0,-1.0
TUN,SI.POV.UMIC.NO,-1.0,-1.0,-1.0,-1.0,-1.0,-1.0,-1.0,-1.0,-1.0,-1.0,-1.0,4.8,-1.0,-1.0,-1.0,-1.0,4.7,-1.0,-1.0,-1.0,-1.0,5.3,-1.0,-1.0,-1.0,-1.0,4.7,-1.0,-1.0,-1.0,-1.0,4.0,-1.0,-1.0,-1.0,-1.0,3.2,-1.0,-1.0,-1.0,-1.0,-1.0,-1.0,-1.0
TUR,SI.POV.UMIC.NO,-1.0,-1.0,-1.0,-1.0,-1.0,-1.0,-1.0,-1.0,-1.0,-1.0,-1.0,-1.0,-1.0,18.1,-1.0,-1.0,-1.0,-1.0,-1.0,-1.0,20.6,-1.0,-1.0,-1.0,-1.0,-1.0,-1.0,-1.0,20.7,24.1,18.3,17.4,15.9,13.8,11.9,11.9,11.5,10.0,9.7,8.6,8.1,9.0,7.8,-1.0
TKM,SI.POV.UMIC.NO,-1.0,-1.0,-1.0,-1.0,-1.0,-1.0,-1.0,-1.0,-1.0,-1.0,-1.0,-1.0,-1.0,-1.0,-1.0,-1.0,-1.0,-1.0,-1.0,-1.0,-1.0,-1.0,-1.0,-1.0,4.1,-1.0,-1.0,-1.0,-1.0,-1.0,-1.0,-1.0,-1.0,-1.0,-1.0,-1.0,-1.0,-1.0,-1.0,-1.0,-1.0,-1.0,-1.0,-1.0
TUV,SI.POV.UMIC.NO,-1.0,-1.0,-1.0,-1.0,-1.0,-1.0,-1.0,-1.0,-1.0,-1.0,-1.0,-1.0,-1.0,-1.0,-1.0,-1.0,-1.0,-1.0,-1.0,-1.0,-1.0,-1.0,-1.0,-1.0,-1.0,-1.0,-1.0,-1.0,-1.0,-1.0,-1.0,-1.0,-1.0,-1.0,-1.0,-1.0,0.0,-1.0,-1.0,-1.0,-1.0,-1.0,-1.0,-1.0
UGA,SI.POV.UMIC.NO,-1.0,-1.0,-1.0,-1.0,-1.0,-1.0,-1.0,-1.0,-1.0,-1.0,-1.0,-1.0,-1.0,-1.0,-1.0,16.0,-1.0,-1.0,18.0,-1.0,-1.0,-1.0,20.2,-1.0,-1.0,22.9,-1.0,-1.0,24.2,-1.0,-1.0,26.3,-1.0,-1.0,-1.0,29.1,-1.0,-1.0,31.6,-1.0,-1.0,-1.0,-1.0,-1.0
UKR,SI.POV.UMIC.NO,-1.0,-1.0,-1.0,-1.0,-1.0,-1.0,-1.0,-1.0,-1.0,-1.0,-1.0,-1.0,-1.0,-1.0,-1.0,-1.0,-1.0,-1.0,-1.0,-1.0,-1.0,25.1,29.3,-1.0,-1.0,-1.0,-1.0,-1.0,22.8,18.0,14.0,8.9,7.1,6.8,3.8,4.5,2.8,2.6,1.9,1.5,1.6,3.5,2.9,-1.0
GBR,SI.POV.UMIC.NO,-1.0,-1.0,-1.0,-1.0,-1.0,-1.0,-1.0,-1.0,-1.0,-1.0,-1.0,-1.0,-1.0,-1.0,-1.0,-1.0,-1.0,-1.0,-1.0,-1.0,-1.0,-1.0,-1.0,-1.0,-1.0,-1.0,-1.0,-1.0,-1.0,-1.0,0.7,0.6,0.5,0.4,0.6,0.3,0.5,0.5,0.3,0.3,0.3,0.5,-1.0,-1.0
USA,SI.POV.UMIC.NO,-1.0,-1.0,-1.0,-1.0,-1.0,3.0,-1.0,-1.0,-1.0,-1.0,-1.0,-1.0,3.2,-1.0,-1.0,-1.0,-1.0,3.4,-1.0,-1.0,3.5,-1.0,-1.0,4.5,-1.0,-1.0,3.8,-1.0,-1.0,-1.0,5.9,-1.0,-1.0,5.0,-1.0,-1.0,6.2,-1.0,-1.0,6.3,-1.0,-1.0,6.5,-1.0
URY,SI.POV.UMIC.NO,-1.0,-1.0,-1.0,-1.0,-1.0,-1.0,-1.0,0.4,-1.0,-1.0,-1.0,-1.0,-1.0,-1.0,-1.0,0.3,-1.0,-1.0,-1.0,-1.0,-1.0,-1.0,-1.0,-1.0,-1.0,-1.0,-1.0,-1.0,-1.0,-1.0,-1.0,-1.0,0.6,0.5,0.4,0.3,0.3,0.2,0.2,0.2,0.1,0.1,0.1,-1.0
UZB,SI.POV.UMIC.NO,-1.0,-1.0,-1.0,-1.0,-1.0,-1.0,-1.0,-1.0,-1.0,-1.0,-1.0,-1.0,-1.0,-1.0,-1.0,-1.0,-1.0,-1.0,-1.0,-1.0,-1.0,-1.0,-1.0,-1.0,21.0,-1.0,23.8,-1.0,24.3,24.7,-1.0,-1.0,-1.0,-1.0,-1.0,-1.0,-1.0,-1.0,-1.0,-1.0,-1.0,-1.0,-1.0,-1.0
VUT,SI.POV.UMIC.NO,-1.0,-1.0,-1.0,-1.0,-1.0,-1.0,-1.0,-1.0,-1.0,-1.0,-1.0,-1.0,-1.0,-1.0,-1.0,-1.0,-1.0,-1.0,-1.0,-1.0,-1.0,-1.0,-1.0,-1.0,-1.0,-1.0,-1.0,-1.0,-1.0,-1.0,-1.0,-1.0,-1.0,-1.0,-1.0,-1.0,0.2,-1.0,-1.0,-1.0,-1.0,-1.0,-1.0,-1.0
VEN,SI.POV.UMIC.NO,-1.0,-1.0,-1.0,-1.0,-1.0,-1.0,-1.0,3.8,-1.0,-1.0,-1.0,-1.0,-1.0,4.8,-1.0,6.0,-1.0,-1.0,4.9,-1.0,-1.0,8.8,-1.0,-1.0,9.5,10.0,-1.0,10.1,12.9,14.9,13.7,11.3,8.5,-1.0,-1.0,-1.0,-1.0,-1.0,-1.0,-1.0,-1.0,-1.0,-1.0,-1.0
VNM,SI.POV.UMIC.NO,-1.0,-1.0,-1.0,-1.0,-1.0,-1.0,-1.0,-1.0,-1.0,-1.0,-1.0,-1.0,-1.0,-1.0,-1.0,-1.0,-1.0,-1.0,65.8,-1.0,-1.0,-1.0,-1.0,-1.0,69.0,-1.0,-1.0,-1.0,70.9,-1.0,68.9,-1.0,67.1,-1.0,66.7,-1.0,41.5,-1.0,36.8,-1.0,32.1,-1.0,-1.0,-1.0
PSE,SI.POV.UMIC.NO,-1.0,-1.0,-1.0,-1.0,-1.0,-1.0,-1.0,-1.0,-1.0,-1.0,-1.0,-1.0,-1.0,-1.0,-1.0,-1.0,-1.0,-1.0,-1.0,-1.0,-1.0,-1.0,-1.0,-1.0,-1.0,-1.0,-1.0,-1.0,-1.0,-1.0,0.9,0.8,0.8,1.1,-1.0,0.8,0.8,0.8,-1.0,-1.0,-1.0,-1.0,-1.0,-1.0
YEM,SI.POV.UMIC.NO,-1.0,-1.0,-1.0,-1.0,-1.0,-1.0,-1.0,-1.0,-1.0,-1.0,-1.0,-1.0,-1.0,-1.0,-1.0,-1.0,-1.0,-1.0,-1.0,-1.0,-1.0,-1.0,-1.0,-1.0,10.4,-1.0,-1.0,-1.0,-1.0,-1.0,-1.0,15.8,-1.0,-1.0,-1.0,-1.0,-1.0,-1.0,-1.0,-1.0,21.4,-1.0,-1.0,-1.0
ZMB,SI.POV.UMIC.NO,-1.0,-1.0,-1.0,-1.0,-1.0,-1.0,-1.0,-1.0,-1.0,-1.0,-1.0,-1.0,-1.0,-1.0,-1.0,-1.0,-1.0,6.9,-1.0,7.6,-1.0,-1.0,7.9,-1.0,8.4,-1.0,-1.0,-1.0,10.5,-1.0,10.7,-1.0,11.1,-1.0,-1.0,-1.0,12.5,-1.0,-1.0,-1.0,-1.0,14.0,-1.0,-1.0
ZWE,SI.POV.UMIC.NO,-1.0,-1.0,-1.0,-1.0,-1.0,-1.0,-1.0,-1.0,-1.0,-1.0,-1.0,-1.0,-1.0,-1.0,-1.0,-1.0,-1.0,-1.0,-1.0,-1.0,-1.0,-1.0,-1.0,-1.0,-1.0,-1.0,-1.0,-1.0,-1.0,-1.0,-1.0,-1.0,-1.0,-1.0,-1.0,-1.0,-1.0,10.7,-1.0,-1.0,-1.0,-1.0,-1.0,-1.0
